Symbol,Score
COCHINSHIP,70
ASIANTILES,70
ENGINERSIN,70
PPL,70
RACLGEAR,70
GVPIL,70
GODIGIT,70
BANKBETA,70
GUFICBIO,65
TVSSCS,65
EXICOM,60
UNIECOM,60
WHEELS,60
HDFCNIFBAN,60
DYNAMATECH,60
NDRAUTO,60
VSTTILLERS,60
QUICKHEAL,60
SUYOG,60
RALLIS,60
SEAMECLTD,60
NELCO,60
INDOFARM,60
MANGLMCEM,60
QPOWER,60
JINDALPOLY,60
PRABHA,60
JPOLYINVST,60
NEWGEN,60
VIKRAN,60
EASEMYTRIP,60
GOODLUCK,60
AAREYDRUGS,60
VMSTMT,60
KELLTONTEC,60
ABSLBANETF,60
EBBETF0433,60
SMSPHARMA,60
SWSOLAR,60
MSPL,60
INDOWIND,60
PSUBNKBEES,60
KNRCON,60
INFOBEAN,60
GENESYS,60
PNB,60
MPSLTD,60
PVTBANKADD,60
SENSEXBETA,60
GPTINFRA,60
RBLBANK,60
BLISSGVS,60
SETFNIFBK,60
CELLO,60
SONATSOFTW,60
SHRINGARMS,60
STARCEMENT,60
EMMVEE,60
TEXRAIL,55
HINDOILEXP,55
PSUBANK,55
SALZERELEC,55
ITC,55
TIRUPATIFL,55
AEROFLEX,55
HFCL,55
FLAIR,55
BANKNIFTY1,55
BAJEL,55
BANKBARODA,55
ELM250,55
CENTRALBK,55
BHARATSE,55
UNIONBANK,55
CIEINDIA,55
ELLEN,55
FORCEMOT,55
INDNIPPON,55
NUCLEUS,55
INDOSTAR,55
OAL,55
KOLTEPATIL,55
MBAPL,55
ONEPOINT,55
DIACABS,55
PENIND,55
RUSTOMJEE,55
SRF,55
SEPC,55
MAHABANK,55
BLSE,55
BECTORFOOD,55
BANKIETF,55
OSWALPUMPS,55
PRECWIRE,55
PSB,55
ASIANENE,55
UCOBANK,55
HUHTAMAKI,55
IOB,55
JSL,55
KAMOPAINTS,55
M&MFIN,55
YATRA,55
FCL,55
MICEL,55
HILINFRA,55
JAYNECOIND,55
ANUP,55
PUNJABCHEM,55
MAPMYINDIA,55
SANATHAN,55
RELIGARE,55
TRANSRAILL,55
GKSL,55
VERTOZ,55
SILVERCASE,50
KDDL,50
STEL,50
SALASAR,50
KAJARIACER,50
DCXINDIA,50
JINDALPHOT,50
OFSS,50
ANURAS,50
APLLTD,50
SCHNEIDER,50
UNIONGOLD,50
STERTOOLS,50
LXCHEM,50
PVP,50
COFFEEDAY,50
AXISILVER,50
PTCIL,50
SINDHUTRAD,50
ONWARDTEC,50
AXISCADES,50
TIPSMUSIC,50
QGOLDHALF,50
SILVERBETA,50
ALPL30IETF,50
CCL,50
NIITLTD,50
INDOTHAI,50
SOTL,50
ECLERX,50
BANKINDIA,50
DCAL,50
ARKADE,50
CIGNITITEC,50
CHEMFAB,50
JASH,50
ORIENTTECH,50
VIPIND,50
ASMS,50
JINDWORLD,50
RATEGAIN,50
KANSAINER,50
SMLMAH,50
EIDPARRY,50
KRBL,50
HDFCMID150,50
PARACABLES,50
URBANCO,50
BBNPPGOLD,50
ORKLAINDIA,50
J&KBANK,50
INDOTECH,50
INDIAGLYCO,50
INTELLECT,50
SAATVIKGL,50
MARINE,50
ALPHAETF,50
SPIC,50
RAMKY,50
TRAVELFOOD,50
AUROPHARMA,50
AURUM,50
PNBHOUSING,50
AEGISVOPAK,50
IDBI,50
ARVSMART,50
WALCHANNAG,50
GPIL,50
TFCILTD,50
ALPHA,47
JAYKAY,47
KHADIM,47
KSOLVES,45
BLUEJET,45
PRAJIND,45
SURYODAY,45
RKSWAMY,45
INDGN,45
OLAELEC,45
ORIENTHOT,45
PCBL,45
AFSL,45
AGARIND,45
RAMASTEEL,45
WENDT,45
FIRSTCRY,45
KFINTECH,45
MAKEINDIA,45
GANESHCP,45
GALAXYSURF,45
KRISHANA,45
HAPPSTMNDS,45
STYLAMIND,45
GRINFRA,45
AZAD,45
SHOPERSTOP,45
SIS,45
ICRA,45
ZAGGLE,45
SHANTIGEAR,45
ALLTIME,45
AKUMS,45
EPL,45
CAPILLARY,45
SANGHIIND,42
YATHARTH,40
IEX,40
SUNTECK,40
ASHOKLEY,40
DLINKINDIA,40
RAINBOW,40
CONFIPET,40
PARADEEP,40
HIKAL,40
ASTEC,40
AHLUCONT,40
DELHIVERY,40
ADANIENSOL,40
BAYERCROP,40
DEN,40
SARDAEN,40
ABBOTINDIA,40
HAVELLS,40
SKIPPER,40
NIITMTS,40
POLYCAB,40
PRUDENT,40
HINDCOPPER,40
SPLPETRO,40
GODREJCP,40
MEDICO,40
DBCORP,40
BRITANNIA,40
PNCINFRA,40
RAJRATAN,40
AUTOIETF,40
JSWINFRA,40
MANAPPURAM,40
SFL,40
TCIEXP,40
CMSINFO,40
NRBBEARING,40
BOROLTD,40
MANAKCOAT,40
BAJAJCON,40
PRICOLLTD,40
STAR,40
DATAPATTNS,40
SETFNN50,40
MAXESTATES,40
GPPL,40
ADFFOODS,40
MUFIN,40
TEGA,40
STARHEALTH,40
ACCELYA,40
BSOFT,40
GOCOLORS,40
EXCELSOFT,40
HONASA,40
VISHNU,40
GREENLAM,40
RAMCOSYS,40
KINGFA,40
SBICARD,40
ENDURANCE,40
WHIRLPOOL,40
SBFC,40
STLTECH,40
BALAJITELE,40
ADVENZYMES,40
ROTO,40
HARIOMPIPE,40
MINDTECK,40
CHOICEIN,40
THANGAMAYL,40
MARKOLINES,40
HATHWAY,40
SHAILY,40
LGBBROSLTD,40
NLCINDIA,40
CHALET,40
ATUL,40
GATEWAY,40
TVSMOTOR,40
MUTHOOTCAP,40
CUPID,40
RRKABEL,40
MARATHON,40
HPL,40
KTKBANK,40
SIGNATURE,40
GRWRHITECH,40
BIGBLOC,40
CORONA,40
DYCL,40
MEDANTA,40
RML,40
OMAXE,40
WSI,40
SYNCOMF,40
ADVANIHOTR,40
IMPAL,40
FORTIS,40
RENUKA,40
FIVESTAR,40
JKTYRE,40
ASTRAL,40
GANESHHOU,40
ADVAIT,40
ADOR,40
INDIANB,40
BIKAJI,40
MCLEODRUSS,40
NARMADA,40
ICICIAMC,40
EDELWEISS,40
DWARKESH,40
ADANIPORTS,40
NEPHROPLUS,40
CENTUM,40
SAKSOFT,40
IIFL,40
CSBBANK,40
PARKHOSPS,40
PURVA,40
PRIMESECU,40
GRANULES,40
MANINDS,40
GEOJITFSL,40
YESBANK,40
FSL,40
PFC,40
SAFARI,40
VIYASH,40
KEI,40
VAKRANGEE,40
MMFL,40
SUNTV,40
GESHIP,40
EMKAY,40
STYRENIX,40
RATNAMANI,40
KAMDHENU,40
JKLAKSHMI,40
PFOCUS,40
FLUOROCHEM,40
DCBBANK,40
GMRAIRPORT,40
JMFINANCIL,40
VEEDOL,40
SANGHVIMOV,40
BLKASHYAP,40
PVRINOX,40
REDINGTON,40
AIAENG,40
VIMTALABS,40
ABB,40
TIIL,40
ADANIENT,40
HUBTOWN,40
LANDMARK,40
TIMKEN,40
GSPL,40
COMMOIETF,40
SIYSIL,40
SULA,40
JKCEMENT,40
LALPATHLAB,40
ASTRAMICRO,40
UNITDSPR,40
MHRIL,40
LLOYDSME,40
INDIAMART,40
SILVERADD,40
AJMERA,40
CANBK,40
ARMANFIN,40
CYIENTDLM,40
NEXT50,40
SBC,40
SUMICHEM,40
JUNIORBEES,40
DIVISLAB,40
THYROCARE,40
ARTEMISMED,40
MARUTI,40
TCPLPACK,40
UTKARSHBNK,40
HDFCSENSEX,40
BHARTIARTL,40
SATIN,40
ASALCBR,40
RAMRAT,40
NIFTYBETA,40
LGEINDIA,40
VIDYAWIRES,40
RTNPOWER,40
RAMAPHO,40
NIFTYBEES,40
ARVIND,40
CONTROLPR,40
GLOBUSSPR,40
MOM30IETF,40
ADANIPOWER,40
GUJGASLTD,40
RPGLIFE,40
WAKEFIT,40
SIRCA,40
GHCLTEXTIL,40
POONAWALLA,40
RPOWER,40
DATAMATICS,40
NDTV,40
SPANDANA,40
BANKBEES,40
BIRLAMONEY,40
LT,40
UJJIVANSFB,40
KIRLPNU,40
ULTRACEMCO,40
COFORGE,40
PPLPHARMA,40
JYOTHYLAB,40
COLPAL,40
ONMOBILE,40
LEMERITE,40
NMDC,40
HCG,40
IDFCFIRSTB,40
SHK,40
BAJAJ-AUTO,40
PRINCEPIPE,40
HINDWAREAP,40
ATALREAL,40
MANKIND,40
RECLTD,40
TVTODAY,40
UPL,40
VGUARD,40
MUKANDLTD,40
AFFLE,40
PETRONET,40
LATENTVIEW,40
CEMPRO,40
JINDALSTEL,40
MFSL,40
HOMEFIRST,40
NIBE,40
MOSCHIP,40
MAHSEAMLES,40
TMCV,40
STOVEKRAFT,40
AGARWALEYE,40
ONESOURCE,40
UNIMECH,40
TSFINV,40
PCJEWELLER,40
MOREPENLAB,40
BANDHANBNK,40
CARERATING,40
MRPL,40
QUADFUTURE,40
INDIGOPNTS,40
RAMCOCEM,40
NIF100BEES,40
JUBLCPL,40
ATULAUTO,40
GUJTHEM,40
KABRAEXTRU,40
KPIL,40
KAMATHOTEL,40
KARURVYSYA,40
CUMMINSIND,40
KOPRAN,40
HEXT,40
AJAXENGG,40
TRENT,40
LMW,40
LIBERTSHOE,40
LICHSGFIN,40
LUMAXIND,40
TVSHLTD,40
NCC,40
BLUEDART,40
HYUNDAI,40
PRSMJOHNSN,40
AVL,40
SHILCTECH,40
WAAREEENER,40
RAYMOND,40
RCF,40
SAPPHIRE,40
RICOAUTO,40
SMCGLOBAL,40
LLOYDSENT,40
RUPA,40
DSSL,40
KRN,40
MANBA,40
JINDALSAW,40
SBIN,40
ACMESOLAR,40
PRAKASH,40
SWIGGY,40
PIDILITIND,40
MAYURUNIQ,40
CARRARO,40
BHARATFORG,40
SANDHAR,40
NILKAMAL,40
CONSUMBEES,40
NOCIL,40
MAMATA,40
IGIL,40
IKS,40
RTNINDIA,40
BEPL,40
EUROPRATIK,40
BLACKBUCK,40
SWANCORP,40
BIRLACORPN,40
SBIBPB,40
SHREDIGCEM,40
PGHL,40
DRREDDY,40
EICHERMOT,40
EQUITASBNK,40
BPCL,40
ELECTCAST,40
DEVX,40
ELGIEQUIP,40
ESCORTS,40
GHCL,40
FACT,40
ATLANTAELE,40
FINCABLES,40
RNBDENIMS,40
UFLEX,40
STUDDS,40
SGMART,40
UTIAMC,40
DEEPAKFERT,40
DCMSHRIRAM,40
EPACKPEB,40
GRAPHITE,40
PIRAMALFIN,40
VIKRAMSOLR,40
PATELRMART,40
CHAMBLFERT,40
WEWORK,40
CHOLAFIN,40
ADVANCE,40
PACEDIGITK,40
SHALBY,40
COROMANDEL,40
COSMOFIRST,40
CRISIL,40
RUBICON,40
CRAMC,40
LAXMIINDIA,40
CPPLUS,40
RHIM,40
INDHOTEL,40
HINDPETRO,40
SAMBHV,40
FISCHER,40
DIGITIDE,40
IFBIND,40
BELRISE,40
THELEELA,40
LENSKART,40
EFCIL,40
GMMPFAUDLR,40
GILLETTE,40
INFY,40
INGERRAND,40
TATAINVEST,40
IOC,40
IONEXCHANG,40
HDBFS,40
HCC,40
BRIGHOTEL,40
HEROMOTOCO,40
BOMDYEING,40
GMBREW,40
GNFC,40
GODFRYPHLP,40
RAYMONDREL,40
GLAND,40
FMGOETZE,40
JSWCEMENT,40
LOTUSDEV,40
CASTROLIND,40
JSLL,40
SHANTIGOLD,40
HDFCBANK,40
HEG,40
EBGNG,40
NORTHARC,40
HITECH,40
PANAMAPET,40
GAIL,40
MEDIASSIST,40
DODLA,40
LIQUIDIETF,40
KIMS,40
INDSWFTLAB,40
SAREGAMA,40
ABCAPITAL,40
SOLARWORLD,40
IPL,40
ANGELONE,40
ERIS,40
VOLTAMP,40
INNOVACAP,40
GMDCLTD,40
JARO,40
CHOLAHLDNG,40
SHYAMMETL,40
PANACEABIO,40
SBCL,40
NAM-INDIA,40
SANGAMIND,40
PLATIND,40
HDFCAMC,40
MON100,40
ENTERO,40
GULFOILLUB,40
PARKHOTELS,40
PFS,40
PGEL,40
EPACK,40
UTLSOLAR,40
TENNIND,40
BALRAMCHIN,40
BALMLAWRIE,40
INDUSINDBK,40
KIRLOSENG,40
ROLEXRINGS,40
FMCGIETF,40
URJA,40
WABAG,40
ATGL,40
TIINDIA,40
ASHOKA,40
CANTABIL,40
ASKAUTOLTD,40
TECHNOE,40
NYKAA,40
FINOPB,40
BAJAJHIND,40
SJS,40
SIGACHI,40
PAYTM,40
DEEPAKNTR,40
OBEROIRLTY,40
SOUTHBANK,40
MONTECARLO,40
NUVOCO,40
PSPPROJECT,40
MUTHOOTMF,40
DEVYANI,40
ASAHIINDIA,40
HUDCO,40
SURAJEST,40
DOLLAR,40
CGCL,40
CHEMPLASTS,40
INDIASHLTR,40
SERVOTECH,40
ACUTAAS,40
VIJAYA,40
CYIENT,40
MUKKA,40
GRINDWELL,40
FINEORG,40
EUREKAFORB,40
GALAPREC,40
IBULLSLTD,40
SUNDRMFAST,40
VSTIND,40
SUNPHARMA,40
TATACOMM,40
LTF,40
RELAXO,40
VINDHYATEL,40
INTERARCH,40
STANLEY,40
MAHLOG,40
TATAELXSI,40
SOLARA,40
BEL,40
NAVA,40
UNICHEMLAB,40
TATAPOWER,40
ADANIGREEN,40
TTKPRESTIG,40
AGIIL,40
MAITHANALL,40
SANSTAR,40
TITAN,40
TATACONSUM,40
TMPV,40
TATASTEEL,40
TIRUMALCHM,40
THERMAX,40
VADILALIND,40
THOMASCOOK,40
SPMLINFRA,40
BAJAJHFL,40
SIEMENS,40
JGCHEM,40
KRYSTAL,40
REMSONSIND,40
GOCLCORP,40
SRM,40
BHARTIHEXA,40
SIMPLEXINF,40
BALUFORGE,40
GILT5YBEES,40
BASF,40
SYMPHONY,40
DEEDEV,40
IXIGO,40
ARIHANTCAP,40
ZEEL,40
TOP10ADD,40
BATAINDIA,40
TDPOWERSYS,40
PIIND,40
WIPRO,40
KROSS,40
INFRABEES,37
LICMFGOLD,37
SHREEJISPG,37
GOLDIETF,37
AXISGOLD,37
POLYMED,37
IITL,37
JAINREC,37
IVALUE,37
GROWW,37
FABTECH,37
ROSSARI,37
EGOLD,37
SETFGOLD,37
RGL,37
EMCURE,37
ZYDUSWELL,37
SAILIFE,37
RISHABH,37
JKIL,37
GODREJPROP,37
SANDUMA,37
DENTA,37
MCX,37
DBREALTY,37
NIFTY1,37
KSCL,37
JUBLFOOD,37
CONCORDBIO,37
BAJAJELEC,37
NIFTYIETF,37
REPCOHOME,37
GOLDBND,37
SCODATUBES,37
GOLD1,37
POWERINDIA,37
GOLDADD,37
HDFCSML250,37
MOIL,37
GLOBECIVIL,37
GOLDETF,37
SJVN,37
ABDL,37
TATSILV,37
DDEVPLSTIK,37
GOLDBEES,37
NUVAMA,37
NAHARSPING,37
GOLDBETA,37
MOGOLD,37
SHILPAMED,37
GOLD360,37
AARTIIND,37
LODHA,37
CARYSIL,37
NIFTYETF,37
PRIVISCL,37
GODREJIND,37
POLICYBZR,37
HEALTHIETF,37
CENTURYPLY,37
RAILTEL,37
NAVNETEDUL,37
BLUESTARCO,37
TTKHLTCARE,37
GRMOVER,37
AWHCL,37
XPROINDIA,37
WESTLIFE,37
EIMCOELECO,37
GOKEX,37
EIHOTEL,37
HINDZINC,37
SDBL,37
ACI,37
PGHH,37
HARSHA,37
BHAGCHEM,37
ARVINDFASN,37
SUPREMEIND,37
KALYANKJIL,37
ALLCARGO,37
WINDLAS,37
SURYAROSNI,37
SETFNIF50,37
ISGEC,37
MOL,37
ALIVUS,37
MOVALUE,37
SHREEPUSHK,37
SWELECTES,35
ADSL,35
GOLDCASE,35
BIRLANU,35
ELECTHERM,35
ITBEES,35
WINDMACHIN,35
JSFB,35
SMARTWORKS,35
SENSEXIETF,35
AGI,35
AUTOBEES,35
INOXWIND,35
MALLCOM,35
TRANSWORLD,35
CRIZAC,35
PREMIERPOL,35
NPST,35
MODEFENCE,35
MIDCAPIETF,35
DIVOPPBEES,35
TIL,35
SILGO,35
TCI,35
GODAVARIB,35
NEULANDLAB,35
KALPATARU,35
TOP100CASE,35
MASTEK,35
AWFIS,35
NESCO,35
HONAUT,35
LIQUIDETF,35
MOCAPITAL,35
YASHO,35
IPCALAB,35
FAZE3Q,35
BLUSPRING,35
ICICIB22,35
NFL,35
SHAREINDIA,35
MWL,35
KSHINTL,35
AEQUS,35
JAMNAAUTO,35
WANBURY,35
MOM100,35
NITINSPIN,35
EIFFL,35
ITETF,35
LOWVOLIETF,35
UTTAMSUGAR,35
IOLCP,35
SGFIN,35
ZEEMEDIA,35
NEXT50IETF,35
AEROENTER,35
IRCTC,35
TEAMLEASE,35
BSLGOLDETF,32
GREENPOWER,32
INFRAIETF,32
IRISDOREME,32
IVZINGOLD,32
NITCO,32
SHAKTIPUMP,32
MBEL,32
ALGOQUANT,32
HINDALCO,32
LTGILTBEES,30
SILVER1,30
NAZARA,30
HDFCSILVER,30
CHOICEGOLD,30
MIDSMALL,30
PDSL,30
SILVERBEES,30
TRITURBINE,30
TATAGOLD,30
LICNETFGSC,30
SBISILVER,30
GROWWSLVR,30
SILVER,30
DPABHUSHAN,30
CPSEETF,30
SMALLCAP,30
SILVERAG,30
DECCANCE,30
JAICORPLTD,25
SWARAJENG,25
UNIVCABLES,25
ANTELOPUS,25
STYLEBAAZA,25
BANSALWIRE,25
SUDARSCHEM,25
KICL,25
RAYMONDLSL,25
DHANUKA,25
ASHIANA,25
APTUS,25
KRSNAA,25
METALIETF,25
BBOX,25
HAPPYFORGE,25
UGROCAP,25
INOXINDIA,25
RPEL,25
SUNCLAY,25
RELTD,25
TNPETRO,25
SUNFLAG,25
OILIETF,25
TORNTPHARM,25
TATACHEM,25
TATVA,25
CEIGALL,25
MPHASIS,25
TEJASNET,25
JUBLPHARMA,25
CUBEXTUB,25
MOTHERSON,25
ICICIBANK,25
FDC,25
SUBROS,25
JUNIPER,25
SHRIRAMFIN,25
APEX,25
INDRAMEDCO,25
CONCOR,25
MATRIMONY,25
SKMEGGPROD,25
CAPACITE,25
LIQUIDCASE,25
ICICIGI,25
RPTECH,25
SONACOMS,25
JAGSNPHARM,25
HERITGFOOD,25
RAMCOIND,25
ALKYLAMINE,25
BOSCH-HCIL,25
MAXHEALTH,25
PHARMABEES,25
NEXT50BETA,25
GREENPLY,25
SUMMITSEC,25
VESUVIUS,25
ETERNAL,25
VOLTAS,25
RITES,25
WSTCSTPAPR,25
ZUARIIND,25
ITIETF,25
MID150CASE,25
VARROC,25
AUBANK,25
JYOTICNC,25
GOPAL,25
AADHARHFC,25
CLEAN,25
HATSUN,25
JNKINDIA,25
AVADHSUGAR,25
AIIL,25
TARACHAND,25
TNPL,25
SCILAL,25
OPTIEMUS,25
ACE,25
NTPCGREEN,25
JTEKTINDIA,25
PICCADIL,25
DABUR,25
BLUESTONE,25
DALMIASUG,25
DCW,25
DHAMPURSUG,25
KHAICHEM,25
ORCHPHARMA,25
RHETAN,25
ESABINDIA,25
GKENERGY,25
SUBEXLTD,25
SCHAEFFLER,25
FEDERALBNK,25
FINPIPE,25
STLNETWORK,25
ZENSARTECH,25
MEIL,25
ARFIN,25
REGAAL,25
GICHSGFIN,25
GIPCL,25
GLAXO,25
AMBER,25
GRASIM,25
GREAVESCOT,25
PROSTARM,25
GSFC,25
GUJALKALI,25
INDIQUBE,25
SYSTMTXC,25
SOLEX,25
CIPLA,25
SUDEEPPHRM,25
ACC,25
AMAGI,25
BHARATCOAL,25
AEGISLOG,25
BUILDPRO,25
ALEMBICLTD,25
ROUTE,25
APOLLOTYRE,25
MEESHO,25
MASFIN,25
ASIANPAINT,25
GICRE,25
GLOTTIS,25
BAJAJHLDNG,25
CESC,25
ARSSBL,25
STYL,25
BALKRISIND,25
CAMS,25
BBTC,25
PINELABS,25
ADVENTHTL,25
HDFCLIFE,25
PWL,25
CARBORUNIV,25
MIDWESTLTD,25
CANHLIFE,25
GEMAROMA,25
RMDRIP,25
ATHERENERG,25
PNGJL,25
SANOFI,25
MIDHANI,25
DAMCAPITAL,25
ONGC,25
MOBIKWIK,25
BCLIND,25
EIEL,25
CUB,25
NIVABUPA,25
PFIZER,25
KMEW,25
POLYPLEX,25
MTARTECH,25
SAGILITY,25
TBZ,25
JUBLINGREA,25
CRAFTSMAN,25
VINCOFE,25
RIIL,25
GARUDA,25
APLAPOLLO,25
GROWWDEFNC,25
METAL,25
SAIL,25
ORIENTELEC,25
DIFFNKG,25
WONDERLA,25
SCI,25
VEDL,25
SHREECEM,25
SENORES,25
HEIDELBERG,25
ZUARI,25
JBCHEPHARM,25
IFCI,25
RBA,25
RAJOOENG,25
ENRIN,25
WAAREERTL,25
TINNARUBR,25
INDIANHUME,25
NBCC,25
TARC,25
LINDEINDIA,25
SUNDROP,25
HGINFRA,25
JAYBARMARU,25
ORIENTCEM,25
SETL,25
JUSTDIAL,25
JYOTISTRUC,25
KOTAKBANK,25
KSB,25
M&M,25
CHENNPETRO,25
GROWWRAIL,25
PROTEAN,25
MAHSCOOTER,25
VMART,25
ITCHOTELS,25
LAXMIDENTL,25
INDUSTOWER,25
ASTRAZEN,25
SHADOWFAX,25
SANSERA,25
TMB,25
ZFCVINDIA,25
STCINDIA,25
RADICO,25
GVT&D,25
INDIGO,25
SUVEN,25
KIRIINDUS,25
BHARATWIRE,25
NSIL,25
JAIBALAJI,25
IGL,25
TITAGARH,25
DREDGECORP,25
LUXIND,25
PTC,25
DHANBANK,25
RAIN,25
IRB,25
PVTBANIETF,25
ZOTA,25
RKFORGE,25
CEATLTD,25
EXCELINDUS,25
BGRENERGY,25
EMIL,25
TCS,25
TARIL,25
PATANJALI,25
CROMPTON,25
TTML,25
IDEAFORGE,25
VLEGOV,25
CAMPUS,25
MMTC,25
COHANCE,25
LICI,25
VENUSPIPES,25
ETHOSLTD,25
LTIM,25
LLOYDSENGG,25
REFEX,25
EMUDHRA,25
NEOGEN,25
MANORAMA,25
RADHIKAJWE,25
JISLJALEQS,25
LUPIN,25
SHARDAMOTR,25
LIQUID,25
NAVKARCORP,25
MARKSANS,25
PREMEXPLN,25
SETF10GILT,25
ASAL,25
BLS,25
SENCO,25
DREAMFOLKS,25
SHRIPISTON,25
WELENT,25
SUPRAJIT,25
ALKEM,25
JSWSTEEL,25
UNIPARTS,25
IIFLCAPS,25
PGIL,25
TVSSRICHAK,25
EKC,25
PITTIENG,25
NETWORK18,25
JAGRAN,25
KEC,25
SOLARINDS,25
TANLA,25
BANCOINDIA,25
JINDRILL,25
AARTIPHARM,25
KKCL,25
SOBHA,25
GREENPANEL,25
MANALIPETC,25
TORNTPOWER,25
RSYSTEMS,25
NAUKRI,25
EMAMILTD,25
TALBROAUTO,25
ELECON,25
TECHM,25
SKYGOLD,25
ANANTRAJ,25
DHARMAJ,25
PRECAM,25
FINIETF,25
TIMETECHNO,25
DELTACORP,25
CERA,25
EVEREADY,25
POWERGRID,25
ALLDIGI,25
SSWL,25
NH,25
JSWHL,25
FUSION,25
GOLDIAM,25
SASKEN,25
ICIL,25
GOACARBON,25
HSCL,25
INSECTICID,25
WEBELSOLAR,25
PHOENIXLTD,25
SUZLON,25
BALAMINES,25
GOKULAGRO,25
DOLATALGO,25
LAOPALA,25
HNDFDS,25
PAGEIND,25
APOLLOPIPE,25
INOXGREEN,25
TAJGVK,25
PAKKA,25
CAMLINFINE,25
INTENTECH,25
AJANTPHARM,25
BSE,25
ABSLAMC,25
RPSGVENT,25
KSL,25
LTTS,25
JWL,25
VRLLOG,25
INDOBORAX,25
AVANTIFEED,25
VPRPL,25
NATIONALUM,25
PERSISTENT,25
LGHL,25
GNA,25
ESAFSFB,25
KALAMANDIR,25
DMART,25
AWL,25
GMRP&UI,25
DALBHARAT,25
MOLDTKPAC,25
RATNAVEER,25
BAJAJHCARE,25
MIDCAP,25
MONQ50,25
NILASPACES,25
SAMHI,25
MANINFRA,25
IRMENERGY,25
KECL,25
KIRLOSBROS,25
NACLIND,25
METROBRAND,25
SHREERAMA,25
VERANDA,25
COALINDIA,25
USHAMART,25
VASCONEQ,25
KIOCL,25
PARAS,25
SUPRIYA,25
DBL,25
RESPONIND,25
KIRLOSIND,25
IMFA,25
ZENTEC,25
GAEL,25
TATATECH,25
PNBGILTS,25
PRESTIGE,25
GANDHAR,25
DOLPHIN,25
HCLTECH,25
MANYAVAR,25
SHANKARA,25
FEDFINA,25
SHRIRAMPPS,25
SPARC,22
AURIONPRO,22
HDFCGOLD,22
DLF,22
DIXON,22
V2RETAIL,22
E2E,22
GLENMARK,22
WOCKPHARMA,22
TI,22
AVALON,22
AKZOINDIA,22
LAURUSLABS,22
JPPOWER,22
MONIFTY500,22
EBBETF0431,22
WELCORP,22
HINDUNILVR,22
DIAMONDYD,22
HIMATSEIDE,22
MOTILALOFS,22
ITDC,22
GABRIEL,22
JKPAPER,22
KPRMILL,22
ANTHEM,22
SBILIFE,22
AMBUJACEM,22
APOLLO,22
ORISSAMINE,22
MEDPLUS,22
ASHAPURMIN,22
LUMAXTECH,22
BHEL,22
BERGEPAINT,22
NIACL,22
GALLANTT,22
HBLENGINE,22
HIRECT,22
BAJFINANCE,22
AUTOAXLES,22
BHAGERIA,22
AHCL,22
EPIGRAL,22
AAVAS,22
APOLLOHOSP,22
BBL,22
ARE&M,22
FIEMIND,22
GRSE,22
KRISHNADEF,22
DOMS,22
SAGCEM,22
CANFINHOME,22
UNOMINDA,22
IZMO,22
FOSECOIND,22
IRCON,22
SHARDACROP,22
BBETF0432,22
ANANDRATHI,22
GANECOS,22
TARSONS,22
TRUALT,22
PATELENG,22
TATACAP,22
CDSL,22
TRIVENI,22
CGPOWER,22
HEMIPROP,22
KERNEX,22
EXIDEIND,22
IGARASHI,22
ROHLTD,22
ABREL,22
ASTERDM,22
AARTIDRUGS,22
ABLBL,22
VSSL,22
RELIANCE,22
GROWWGOLD,22
MINDACORP,22
OIL,22
NETWEB,22
AFCONS,22
NHPC,22
MID150BEES,22
VINATIORGA,22
KPEL,22
ALOKINDS,22
GRAVITA,22
SOMANYCERA,22
ROSSTECH,22
TBOTEK,22
PARAGMILK,22
JLHL,22
MUTHOOTFIN,22
CAPLIPOINT,22
CEWATER,22
POKARNA,22
SPAL,22
IKIO,22
DEEPINDS,22
AVANTEL,22
MSTCLTD,22
NESTLEIND,22
RVNL,22
METROPOLIS,22
PREMIERENE,22
KPITTECH,22
JSWENERGY,22
REDTAPE,22
BCG,22
BSE500IETF,22
SANOFICONR,22
BORORENEW,22
JIOFIN,22
AETHER,22
WCIL,22
PAISALO,22
SYNGENE,22
MOMENTUM50,22
QUESS,22
VENTIVE,22
KPIGREEN,22
IRFC,22
GENCON,22
BIOCON,22
BOSCHLTD,22
BRIGADE,22
MOSMALL250,22
BDL,22
WELSPUNLIV,22
MONARCH,22
APARINDS,22
ITI,22
ICICIPRULI,22
MAHLIFE,22
SAMMAANCAP,22
MARICO,22
ABFRL,22
WEL,22
ZYDUSLIFE,22
VAIBHAVGBL,22
MOREALTY,22
KCP,22
MTNL,22
MRF,22
CREDITACC,22
NTPC,22
UDS,22
INDIACEM,22
HDFCNIFTY,22
HAL,22
HLEGLAS,22
BAJAJFINSV,22
JBMA,22
NATCOPHARM,22
EMSLIMITED,22
SKFINDIA,15
ECOSMOBLTY,15
BSLNIFTY,15
VBL,15
AXISBANK,15
MAFANG,15
LTFOODS,15
TRIDENT,15
MOTISONS,15
CARTRADE,15
FILATEX,15
GODREJAGRO,15
KITEX,15
IREDA,15
NAVINFLUOR,15
POCL,15
IDEA,15
LIQUIDBEES,15
UBL,15
VMM,15
GARFIBRES,15
IMAGICAA,15
MIDCAPETF,15
SYRMA,15
OLECTRA,15
JTLIND,15
EBBETF0430,15
BANARISUG,15
NSLNISP,15
MSUMI,15
MGL,15
MAZDOCK,15
VENKEYS,15
POWERMECH,15
VTL,15
KAYNES,15
SILVERIETF,15
BEML,15
LEMONTREE,15
SDL26BEES,0
